Sex,Age,Siblings,Father,Mother,Family Income,Debts,isBully
1,10,2,1,0,1170222,0,0
0,6,1,1,0,780105,1,1
1,14,3,1,1,949647,1,1
0,13,4,1,0,304823,1,1
0,7,0,0,0,1457379,0,1
1,10,4,0,1,1414136,0,1
0,17,1,0,0,1116527,0,1
1,14,0,1,0,1301116,0,0
1,7,4,0,1,869421,1,1
0,14,5,0,1,1219774,1,1
1,15,4,0,1,421305,0,1
0,17,2,0,1,1358741,1,1
0,4,1,0,0,458821,1,1
0,11,3,1,0,954484,1,1
1,15,5,1,1,673228,1,1
1,16,2,1,0,378163,1,1
0,10,6,0,0,981861,0,1
1,5,3,1,1,1430554,0,0
0,6,2,0,1,938572,0,1
0,7,0,0,0,1187846,0,1
1,11,0,1,0,1182179,1,1
0,9,2,1,0,1228816,0,0
0,13,5,1,0,445614,1,1
0,15,6,0,0,853041,0,1
0,13,1,1,1,1204878,1,1
1,8,1,0,1,541698,0,1
0,10,3,0,1,1074007,0,1
1,12,5,1,0,429628,0,1
0,11,4,1,0,1064263,1,1
0,14,5,0,1,662840,1,1
0,4,5,0,0,486398,0,1
1,10,2,1,1,707079,0,0
0,9,3,1,1,1163919,1,1
1,11,1,0,1,607410,1,1
0,6,6,0,1,1015045,1,1
0,4,3,0,0,736375,0,1
0,8,3,0,0,1130070,1,1
1,13,6,1,0,1054008,0,0
0,6,6,1,1,719021,0,0
0,5,6,1,1,449227,0,1
1,9,4,1,0,707201,1,1
0,5,5,0,0,1311940,1,1
1,10,1,0,0,1435815,1,1
1,11,1,1,1,1230975,1,1
0,15,4,1,0,1415989,0,0
1,13,2,1,0,744343,1,1
0,14,4,0,1,624947,0,1
0,12,1,1,1,364364,1,1
1,14,4,1,0,431561,0,1
1,11,1,0,0,314379,0,1
0,11,3,0,1,918020,0,1
1,9,0,0,1,932433,0,1
0,17,0,1,0,761021,0,0
1,6,0,0,1,867416,1,1
0,12,0,1,1,802963,1,1
1,10,6,0,0,329750,1,1
1,8,6,0,0,430497,0,1
0,17,1,1,1,1071938,0,0
1,7,3,0,1,955371,1,1
1,12,0,0,0,1466790,1,1
1,15,3,0,1,1051339,0,1
0,5,4,0,1,1430458,0,1
1,15,6,1,1,720693,1,1
0,5,5,1,0,1334275,0,0
0,16,2,1,0,481283,0,1
0,16,5,1,0,911435,1,1
1,6,1,0,0,1345212,0,1
0,9,4,0,0,1377177,0,1
0,15,0,0,0,854965,1,1
0,6,1,0,1,507385,0,1
0,6,2,1,1,576819,1,1
1,13,6,0,0,1111774,0,1
0,14,5,1,1,1452683,0,0
0,11,3,1,1,932247,0,0
0,17,5,0,1,1291498,0,1
0,7,2,1,0,545419,0,0
0,4,3,1,0,719917,1,1
0,10,0,1,0,317998,0,1
0,7,0,1,1,409076,1,1
1,17,2,1,0,594136,1,1
1,4,4,0,0,1255365,1,1
0,7,2,0,1,630597,1,1
1,14,3,1,0,1382308,0,0
1,4,3,0,0,951585,1,1
0,9,5,0,1,467008,0,1
1,9,2,1,1,743247,1,1
1,17,5,0,0,899879,0,1
1,7,6,0,1,374401,0,1
1,7,4,1,1,587300,1,1
0,17,5,1,0,458695,1,1
0,4,5,0,0,664187,1,1
0,10,2,1,1,739538,1,1
1,13,3,0,0,1116460,1,1
0,12,4,1,1,924375,0,0
1,13,2,0,0,323026,0,1
0,7,0,0,1,1352438,1,1
1,4,4,1,0,1168885,1,1
0,13,0,0,0,1211323,0,1
1,8,6,0,1,1362079,1,1
1,16,6,1,1,1079478,0,0
0,9,4,0,0,1022007,1,1
0,11,0,0,1,564335,1,1
0,14,1,1,1,410040,1,1
0,12,2,0,1,1298010,0,1
1,5,3,0,0,451163,0,1
1,16,0,1,1,941020,0,0
1,7,4,1,1,1269681,0,0
0,4,0,1,1,1379172,1,1
0,4,6,0,1,588417,0,1
1,16,6,0,1,1128489,0,1
0,4,1,0,1,927751,0,1
0,8,0,0,1,1310195,0,1
0,6,0,0,1,551278,0,1
0,13,0,1,0,1499238,1,1
0,16,0,1,1,546508,0,0
0,17,6,0,0,737543,1,1
1,4,5,0,1,329944,1,1
0,5,1,1,0,546486,1,1
1,12,1,0,1,578330,1,1
0,11,6,0,1,1116561,1,1
1,4,5,0,0,998997,1,1
1,7,0,0,1,792463,1,1
1,11,0,1,0,990082,1,1
0,15,5,1,1,827832,1,1
0,17,5,1,1,1204704,0,0
1,9,5,0,0,1133582,0,1
0,8,5,1,0,558534,1,1
0,4,5,1,0,932797,0,0
1,11,1,1,0,419894,0,1
1,16,6,0,1,324199,0,1
1,7,0,0,0,522353,1,1
0,6,3,1,0,1256342,0,0
0,11,1,0,0,1494302,1,1
1,12,4,0,1,592536,0,1
1,11,5,0,1,1246965,1,1
1,13,6,0,0,958018,1,1
0,15,6,1,0,500405,0,0
1,14,6,1,1,845601,0,0
0,7,0,0,1,493697,1,1
1,12,3,1,1,1077729,1,1
1,15,1,1,0,728012,0,0
1,11,1,1,0,746256,1,1
1,16,2,1,1,1278194,1,1
1,4,2,1,0,507932,0,0
1,6,6,0,0,1043852,1,1
0,11,0,0,0,1021077,0,1
1,16,0,1,1,408074,1,1
1,17,1,0,0,964128,1,1
1,13,3,1,0,1359239,1,1
1,11,1,0,0,353867,1,1
1,12,1,1,0,336032,0,1
1,6,1,0,0,1082039,1,1
1,6,3,0,0,956437,0,1
1,7,6,1,1,770468,1,1
0,14,1,1,1,1033143,1,1
1,16,0,0,0,1287326,1,1
0,13,0,1,0,728588,0,0
0,12,4,1,1,1205741,0,0
0,12,6,1,1,442648,1,1
0,7,6,1,1,953894,1,1
1,10,5,0,1,653517,1,1
1,6,2,1,1,1458091,0,0
1,5,3,1,0,891994,0,0
1,12,4,0,1,1073387,0,1
0,8,1,1,0,1387260,0,0
1,15,3,1,1,977143,1,1
0,15,1,1,1,1381964,0,0
1,5,2,1,1,515382,1,1
0,9,0,1,0,772307,1,1
0,16,3,1,1,886856,1,1
1,5,5,0,0,1355189,1,1
1,10,4,0,1,888396,0,1
0,12,4,0,1,1356773,1,1
0,14,0,0,1,579954,1,1
0,4,4,1,0,936450,0,0
1,5,2,1,0,412740,1,1
0,16,6,0,0,1275187,1,1
0,16,3,1,1,875271,1,1
0,12,6,0,1,1183419,1,1
1,15,6,1,1,940518,0,0
1,8,0,1,0,885236,0,0
0,7,4,0,1,870783,1,1
0,14,0,0,0,1176402,0,1
1,7,0,0,1,800938,0,1
0,13,4,0,1,898872,1,1
1,11,4,1,0,1054048,1,1
0,17,1,0,0,742930,1,1
0,11,4,0,1,790369,1,1
0,5,3,1,0,508542,0,0
1,5,0,1,0,1346893,0,0
0,6,6,0,0,1126441,1,1
1,16,4,0,1,927229,1,1
0,16,5,1,0,925516,0,0
0,17,1,0,1,474847,1,1
1,8,4,1,1,1211149,1,1
1,16,0,1,1,1374429,0,0
1,15,5,1,0,1004141,1,1
0,12,5,1,1,1039031,0,0
0,13,1,1,0,702169,0,0
1,4,0,0,1,536376,0,1
0,15,1,0,1,981160,0,1
1,8,4,1,0,1178721,0,0
1,14,4,1,0,594723,1,1
1,6,5,1,0,418213,1,1
1,14,1,0,0,1123414,0,1
0,11,1,0,0,870511,1,1
1,9,5,0,0,825563,1,1
0,17,3,0,1,660934,0,1
1,17,1,1,1,1469326,0,0
0,11,3,0,0,457121,1,1
1,13,3,0,1,546383,0,1
0,7,2,1,1,465260,1,1
0,7,2,0,0,823486,1,1
1,16,1,1,0,656505,1,1
0,7,5,0,0,846477,1,1
0,17,3,0,0,532523,0,1
0,14,2,0,1,413573,1,1
1,7,5,1,1,1097744,1,1
0,6,4,1,0,1320852,0,0
1,17,2,0,0,308087,1,1
0,13,0,1,1,1043796,0,0
1,14,2,0,0,1478820,0,1
1,6,2,0,0,1041829,0,1
0,9,2,0,1,1098936,0,1
1,17,1,0,1,413941,0,1
1,5,5,1,0,1175298,0,0
0,4,5,0,0,1041610,0,1
1,10,5,0,0,621364,1,1
1,11,4,0,0,758008,1,1
1,17,5,1,1,618229,0,0
0,17,1,1,1,1333879,0,0
0,9,5,1,0,1494296,1,1
0,8,1,1,1,341932,0,1
0,6,6,1,0,1243228,0,0
1,15,1,1,1,982532,1,1
1,6,0,1,1,745332,1,1
0,6,5,1,1,1374065,0,0
0,4,5,0,0,507288,1,1
0,9,0,0,0,490022,1,1
0,11,6,1,1,804928,0,0
1,15,0,1,1,1129931,0,0
0,5,1,1,1,674889,1,1
1,5,1,1,1,664227,1,1
0,12,4,0,0,880440,0,1
1,16,3,0,0,1132046,0,1
0,11,0,1,0,316300,1,1
0,13,2,0,1,553341,1,1
1,6,1,1,1,1487967,1,1
0,12,0,0,1,1038895,1,1
0,12,3,1,0,1131149,0,0
0,10,5,1,0,695794,1,1
0,7,2,1,1,885932,0,0
0,13,6,1,1,938838,0,0
1,13,2,1,1,377654,0,1
0,5,0,0,0,734720,0,1
1,13,2,1,0,388998,0,1
1,9,2,0,1,817120,1,1
0,10,1,0,0,1033126,1,1
0,12,0,0,0,391392,0,1
0,13,2,1,0,539580,1,1
1,9,4,1,1,323480,1,1
1,4,4,1,1,1150928,1,1
0,16,2,0,0,1434728,0,1
1,7,5,1,1,1146146,1,1
1,4,3,0,0,1422556,0,1
1,8,5,0,1,335421,1,1
1,17,4,0,1,898759,1,1
0,16,3,0,1,1046107,0,1
1,11,5,0,0,769229,0,1
0,17,3,1,1,1276060,1,1
1,13,5,1,1,457260,1,1
0,14,3,1,0,316173,0,1
1,8,6,0,0,1136667,0,1
1,8,4,0,0,523332,1,1
0,13,4,1,0,1438725,1,1
0,6,3,1,0,572952,0,0
1,14,6,0,1,1312880,1,1
1,5,3,1,0,709596,1,1
0,4,0,1,0,1060883,1,1
1,16,2,0,0,985072,0,1
0,10,3,0,1,1124470,1,1
1,5,1,1,0,1038370,0,0
1,7,5,0,1,1297738,1,1
1,6,3,0,0,1159163,0,1
1,17,3,1,1,600659,1,1
1,5,2,0,0,1227857,0,1
0,5,0,1,0,1252426,0,0
1,17,5,0,0,504539,0,1
0,15,4,1,0,828500,1,1
0,4,5,1,0,550208,0,0
1,4,5,1,0,689949,0,0
1,13,4,1,1,949578,1,1
0,17,6,1,1,958653,0,0
0,10,3,0,0,926126,1,1
1,13,6,0,1,1168297,0,1
0,12,4,1,0,434465,0,1
1,16,0,1,0,1384835,1,1
0,8,6,1,1,1144371,1,1
1,5,6,0,1,1108535,0,1
1,9,6,1,1,1271133,0,0
1,8,2,1,1,952936,1,1
0,13,2,0,1,785310,0,1
0,16,5,1,1,1403012,1,1
0,14,0,1,0,825625,1,1
1,14,4,1,1,533828,0,0
1,7,2,0,1,796970,0,1
0,10,5,1,1,395407,0,1
1,13,4,0,0,1057111,1,1
0,8,3,0,1,772294,0,1
1,10,6,0,0,1169356,1,1
1,12,0,0,1,754029,1,1
0,16,6,0,1,550529,0,1
1,6,0,1,1,646288,0,0
1,4,4,1,0,1083064,0,0
0,6,4,1,1,1033615,1,1
0,8,4,1,0,1390228,1,1
0,8,5,1,1,1044396,0,0
1,14,2,1,1,372817,1,1
0,12,2,1,1,1280321,1,1
1,7,6,1,1,831755,0,0
0,17,4,0,1,957231,1,1
0,7,1,0,0,1182385,1,1
1,10,5,1,1,1077498,0,0
0,9,5,1,0,488593,0,1
0,16,5,1,1,537698,1,1
0,13,2,1,0,1339304,0,0
0,4,4,1,1,950544,1,1
0,11,3,0,1,1345110,1,1
1,14,0,1,0,544831,1,1
1,17,1,0,1,1405037,0,1
0,11,6,0,1,483874,1,1
0,5,1,1,0,566711,0,0
1,5,6,1,0,428771,0,1
1,5,2,1,1,941002,1,1
0,7,6,0,0,1129483,0,1
1,15,5,1,1,1394121,0,0
0,4,5,0,0,1002322,1,1
0,12,4,1,0,1221810,0,0
1,4,3,1,0,1248924,1,1
1,16,0,0,1,1270480,1,1
1,15,1,1,1,1213287,1,1
1,16,2,0,0,1031664,0,1
0,14,3,1,0,1260038,0,0
1,14,3,1,0,843716,0,0
1,15,1,0,0,938366,1,1
0,9,3,1,1,946866,1,1
0,11,4,0,0,1168256,1,1
0,13,6,1,0,700589,1,1
1,10,0,0,1,1316329,0,1
0,16,5,1,0,1172295,1,1
0,9,1,0,0,658195,1,1
0,12,5,0,0,975544,1,1
0,6,1,1,0,777472,1,1
1,6,2,0,0,1081500,1,1
0,16,6,0,1,1005145,0,1
0,6,2,0,0,1334470,0,1
0,13,2,0,0,785201,1,1
1,15,4,1,1,1019220,0,0
1,9,2,1,1,1474481,1,1
0,10,6,0,0,1254578,0,1
1,8,3,0,1,413303,0,1
1,13,0,1,1,909520,1,1
1,4,0,1,1,564178,1,1
0,17,0,1,1,753938,1,1
0,15,0,1,1,1379577,1,1
0,16,4,1,1,1396657,0,0
0,5,5,0,0,1311128,0,1
0,8,2,0,1,652696,1,1
1,7,0,0,1,342933,1,1
1,9,4,1,1,639532,0,0
1,16,0,0,1,734359,1,1
0,12,6,1,1,814853,1,1
0,4,3,0,1,1061230,0,1
1,8,6,0,1,667928,0,1
1,4,4,0,1,749919,1,1
1,6,2,1,0,843842,1,1
0,17,3,0,0,1124734,1,1
1,12,1,0,0,1034070,1,1
1,7,3,1,0,1086625,0,0
0,6,0,0,1,836942,0,1
0,14,5,1,1,1027078,0,0
1,12,0,1,0,1187652,1,1
1,11,1,1,0,902798,0,0
0,8,6,0,0,891253,1,1
1,11,3,0,0,1345813,0,1
0,15,2,0,1,396026,1,1
1,6,1,0,1,1310917,0,1
0,16,1,0,0,839370,0,1
0,5,5,0,0,1220475,0,1
1,11,5,0,0,941218,1,1
0,10,2,0,1,1440446,1,1
1,8,2,0,1,588147,1,1
0,14,6,0,1,883180,1,1
1,15,4,1,0,1092087,1,1
0,8,0,0,1,1287339,1,1
0,8,0,0,0,332296,1,1
1,16,5,0,0,1481233,0,1
0,14,6,0,0,1195794,0,1
1,16,0,1,0,904549,0,0
0,8,6,1,1,602726,1,1
0,10,5,1,1,1252415,1,1
0,5,1,0,1,502531,0,1
0,16,6,0,0,483704,1,1
0,8,1,0,1,1474367,1,1
0,17,4,0,0,1074505,0,1
0,7,2,1,1,1014277,1,1
0,14,6,1,0,1467941,0,0
0,10,0,0,0,1286599,0,1
0,17,3,1,0,813005,0,0
0,5,0,1,1,637659,1,1
0,6,0,0,1,693765,0,1
1,4,1,0,0,1138155,1,1
0,5,3,1,0,737410,1,1
1,7,1,1,0,1451961,0,0
1,6,1,0,1,573620,0,1
1,5,6,1,1,1101972,0,0
1,9,6,1,1,1271129,0,0
1,16,0,1,1,786602,1,1
0,11,6,0,1,1458024,1,1
1,7,4,0,0,1148360,0,1
1,15,3,0,1,490760,1,1
1,8,4,0,0,1222368,1,1
0,8,1,0,0,1181376,0,1
1,16,0,1,1,343371,0,1
0,6,2,0,0,1338796,1,1
0,16,5,0,0,1164087,0,1
1,7,1,1,1,808226,0,0
0,10,4,0,1,1026779,1,1
1,14,3,1,1,1273067,0,0
1,7,0,0,0,732359,1,1
1,9,5,0,0,1479317,0,1
1,12,0,1,0,1121460,1,1
1,4,1,1,0,917038,0,0
1,8,3,1,1,1349909,1,1
0,5,5,1,1,1486061,0,0
1,5,2,0,0,1072966,0,1
1,8,2,0,0,1394309,0,1
1,16,6,1,0,1205445,1,1
1,6,3,1,1,431780,1,1
1,9,3,1,0,518063,0,0
1,12,5,0,0,629994,0,1
0,5,1,1,0,1208055,0,0
1,15,3,1,1,1247567,0,0
0,9,2,0,1,1149048,1,1
1,10,6,0,1,1293344,0,1
1,13,1,0,1,369146,0,1
1,15,1,0,1,555919,1,1
0,12,3,0,1,949735,0,1
1,6,3,0,0,1104172,1,1
1,13,5,1,0,1458411,1,1
1,5,6,1,0,508878,0,0
1,8,4,1,0,1049710,0,0
1,5,2,0,0,1384407,0,1
0,16,0,1,0,1354615,0,0
0,16,4,1,0,852657,0,0
1,5,6,0,0,1464100,0,1
0,4,2,1,0,1332135,0,0
0,9,4,0,0,325673,0,1
1,11,4,1,1,677404,0,0
0,17,2,1,0,497865,0,1
1,5,4,1,1,1364870,1,1
0,10,5,1,1,390942,0,1
1,6,6,0,0,861449,0,1
0,15,6,0,0,338858,1,1
1,9,0,1,1,1377579,0,0
1,13,1,0,0,631094,0,1
1,14,1,1,0,1224051,0,0
0,16,1,0,0,418492,0,1
0,10,0,1,1,1252295,0,0
1,15,2,0,0,1472003,1,1
1,15,2,0,1,806897,0,1
0,13,1,1,1,887348,1,1
1,11,5,0,0,367173,1,1
1,12,0,0,0,658956,1,1
0,14,1,1,1,1463930,0,0
1,12,2,0,1,745064,0,1
0,5,0,1,0,337594,0,1
0,13,1,1,1,457541,0,1
1,6,5,0,0,582446,0,1
0,9,0,0,1,475367,1,1
1,8,5,0,1,1175540,1,1
0,11,4,1,0,1332779,0,0
0,9,0,0,0,752443,0,1
1,6,4,1,0,1455730,1,1
0,16,6,1,1,466784,1,1
0,14,2,1,1,643721,1,1
0,16,4,1,0,1449362,1,1
1,9,1,0,0,1217013,0,1
0,4,5,0,1,906584,1,1
0,15,0,1,0,1028956,0,0
1,11,6,1,1,1392008,1,1
1,15,3,0,1,979375,0,1
1,7,5,1,0,1447558,1,1
1,12,0,0,0,657621,0,1
0,4,0,0,0,1438836,1,1
1,5,1,0,0,385488,0,1
1,16,6,1,0,1220402,1,1
1,5,6,1,1,479974,1,1
1,4,6,0,0,750173,1,1
0,9,5,0,1,336830,0,1
1,8,3,0,0,1212625,0,1
1,16,3,0,0,1218876,1,1
0,9,1,1,1,314989,0,1
0,15,4,0,1,552064,0,1
0,15,6,1,0,871764,1,1
1,4,4,0,0,589292,1,1
0,17,4,0,0,1430322,1,1
0,17,1,1,0,421917,1,1
0,8,4,0,1,652785,1,1
0,6,5,1,0,1402334,0,0
0,17,5,0,1,1275333,0,1
1,8,0,1,0,358004,0,1
0,7,1,0,0,1066951,0,1
0,8,0,0,1,1243502,1,1
0,12,4,0,0,485862,1,1
1,13,1,0,0,1162794,1,1
0,14,5,0,1,878547,0,1
0,8,4,1,0,1309347,1,1
1,8,6,0,0,307703,0,1
0,4,6,0,1,1247196,1,1
0,4,5,1,0,1312070,1,1
0,7,0,0,0,1340438,1,1
1,10,4,0,0,452487,0,1
0,16,4,1,0,815246,0,0
1,6,2,1,0,336300,1,1
1,8,5,0,1,696488,0,1
0,15,6,1,0,1037784,0,0
0,7,4,0,0,919644,0,1
0,12,5,1,1,921817,0,0
0,14,6,0,0,832002,1,1
0,13,5,1,0,440672,1,1
0,7,4,0,0,754626,1,1
1,9,3,1,1,1237290,1,1
1,10,5,0,1,703962,0,1
1,8,5,1,0,1062263,0,0
0,15,4,1,1,1072830,1,1
0,8,3,0,0,339005,0,1
1,15,1,0,0,1157240,0,1
1,6,5,1,1,344141,0,1
1,12,6,0,0,530573,1,1
0,4,0,1,1,437170,0,1
1,6,0,1,1,1313360,1,1
1,10,6,1,1,907047,1,1
0,13,6,0,1,1121900,1,1
1,14,5,0,1,380584,0,1
0,5,4,0,1,364423,0,1
1,4,0,0,0,780094,1,1
1,14,1,0,0,806334,0,1
0,6,3,0,0,934789,1,1
1,11,1,1,1,1348040,0,0
0,16,2,1,1,1046972,1,1
1,7,5,1,0,798130,0,0
1,10,1,1,0,429097,1,1
1,8,4,0,1,724771,0,1
1,13,5,0,1,741778,0,1
1,5,2,1,1,1240451,1,1
1,10,3,0,0,388029,0,1
1,16,5,0,1,960906,0,1
1,16,1,1,0,678382,1,1
0,12,2,1,0,1305091,1,1
1,9,3,1,0,1174844,1,1
0,4,2,0,0,1334114,1,1
1,13,5,0,0,722046,1,1
1,11,2,1,0,799857,0,0
0,13,3,1,1,428195,0,1
0,17,4,1,1,456541,1,1
1,16,2,0,1,497189,1,1
0,16,3,1,0,467892,0,1
1,10,1,0,0,863787,1,1
1,15,3,0,0,306227,1,1
0,15,1,1,1,1136844,0,0
1,14,6,0,1,483455,0,1
1,7,4,1,0,950267,0,0
1,14,4,1,0,1077095,1,1
1,15,4,0,0,798652,1,1
1,10,2,0,1,631637,1,1
1,10,1,0,1,1234490,1,1
1,15,2,1,1,662042,1,1
0,6,0,1,0,1105398,1,1
1,13,2,1,1,957602,1,1
1,5,2,0,1,904495,1,1
1,14,1,0,1,1076307,1,1
1,17,6,0,0,1484049,0,1
0,16,2,1,1,1190887,1,1
1,17,2,1,1,1023693,0,0
0,13,4,0,0,559450,1,1
0,12,6,1,0,785091,1,1
0,7,0,0,1,564147,0,1
0,11,3,0,0,971956,0,1
1,16,2,0,0,1030251,1,1
0,8,4,0,0,391245,0,1
0,15,1,1,0,986375,1,1
0,5,4,1,1,1305896,0,0
1,8,4,1,0,1365310,1,1
0,13,6,1,1,967310,0,0
1,14,1,1,0,546197,1,1
0,14,1,0,0,840604,1,1
1,14,0,0,0,1091597,1,1
1,8,1,0,0,1158961,0,1
1,4,6,0,1,607617,1,1
1,4,2,1,1,469471,0,1
0,16,1,0,0,899163,1,1
1,7,0,1,1,354511,1,1
1,4,6,1,0,627128,0,0
0,7,5,1,0,315228,1,1
0,14,6,1,1,1006654,1,1
0,12,5,1,1,889866,1,1
1,12,2,0,0,676464,1,1
1,4,4,0,0,887670,1,1
0,15,5,0,0,1337248,1,1
1,5,1,0,1,1269003,1,1
1,5,1,0,0,969882,0,1
1,9,5,1,0,393115,1,1
0,17,2,1,0,365510,1,1
0,9,2,1,0,436984,0,1
0,14,5,1,0,561323,1,1
1,5,0,1,1,1103283,0,0
1,7,6,0,1,1116998,0,1
1,14,2,0,1,652139,1,1
1,4,0,1,0,1369713,0,0
1,14,3,0,0,377138,0,1
1,6,4,0,1,1020960,1,1
1,15,1,1,0,918497,1,1
1,10,6,1,0,838078,1,1
1,12,0,1,0,1445404,1,1
1,11,1,0,1,612604,0,1
0,12,3,0,0,1096573,1,1
1,5,1,1,0,675772,0,0
0,11,0,1,0,1373176,1,1
1,6,0,1,1,1019849,1,1
1,6,3,1,0,1239515,0,0
0,13,6,0,1,527522,0,1
0,8,0,1,0,750920,0,0
1,8,5,1,0,1417421,1,1
0,8,2,0,1,668859,1,1
1,10,5,1,0,483362,1,1
1,15,4,1,1,908641,1,1
1,13,5,0,1,730651,0,1
1,7,0,0,1,809642,1,1
1,8,5,1,0,1410323,1,1
1,11,3,1,0,725617,0,0
1,5,5,1,1,1157343,1,1
0,13,6,1,1,1157609,1,1
0,11,0,1,1,700284,1,1
1,7,4,0,0,1045650,0,1
0,10,0,0,1,489248,0,1
0,17,0,0,1,1373088,0,1
0,9,4,0,0,546950,0,1
1,15,5,1,0,1409290,1,1
1,14,6,1,0,1216412,1,1
0,6,4,0,0,910434,1,1
1,10,4,0,0,1143048,0,1
1,14,0,1,0,667371,1,1
1,17,1,1,1,806795,1,1
0,11,5,0,0,547634,0,1
0,12,0,0,0,451516,1,1
0,6,4,0,0,679160,0,1
1,7,2,0,0,964815,1,1
1,9,1,0,0,380437,1,1
0,10,2,1,1,524578,0,0
1,5,6,1,1,940578,1,1
0,15,6,0,0,393471,1,1
0,9,6,0,0,641985,1,1
0,5,6,0,0,691669,0,1
1,13,6,0,1,939203,0,1
1,10,0,1,1,1378660,0,0
0,16,2,0,1,659904,0,1
0,14,4,1,0,844691,1,1
0,8,3,0,1,364705,1,1
1,5,2,1,0,960993,1,1
0,9,6,0,1,804824,0,1
0,6,3,1,0,678632,0,0
0,12,0,0,0,1359759,0,1
1,11,6,0,0,558866,0,1
1,12,4,1,0,468924,0,1
1,16,4,1,1,565382,0,0
1,10,6,1,1,331617,0,1
1,7,3,0,1,376799,1,1
0,10,0,1,1,340427,1,1
0,10,3,0,0,1359146,0,1
1,17,5,1,1,774613,0,0
0,16,5,0,1,853239,1,1
1,16,1,1,0,1328541,0,0
1,12,6,1,1,1022527,1,1
1,6,4,0,1,1078961,0,1
1,11,4,0,0,843871,1,1
1,12,2,0,0,788452,0,1
1,15,0,0,0,1050985,1,1
1,16,4,1,1,815474,1,1
0,16,6,0,0,1061874,1,1
1,5,4,0,1,725709,0,1
0,4,5,1,0,1470167,0,0
0,11,0,0,0,1143048,1,1
0,8,5,0,0,804713,1,1
1,7,6,1,0,821287,0,0
0,16,3,1,0,721757,1,1
0,10,0,1,1,1213225,1,1
1,13,2,0,1,942238,0,1
1,15,0,0,0,680530,0,1
0,13,2,0,1,568342,0,1
1,4,4,1,0,900253,0,0
1,15,4,1,0,618062,1,1
0,5,5,1,0,942228,1,1
1,11,4,1,1,1329546,1,1
1,15,6,1,0,1131283,1,1
1,5,0,0,0,1081763,1,1
0,11,2,1,0,1289669,1,1
0,9,1,0,1,609578,1,1
1,14,6,1,0,1129156,0,0
1,15,0,1,1,376042,1,1
0,13,2,1,1,448802,1,1
1,11,1,1,0,770176,1,1
1,12,6,1,0,601154,1,1
0,8,6,0,0,1381008,0,1
1,6,0,0,1,1365522,0,1
0,8,2,0,1,606410,0,1
0,16,4,1,0,1164532,0,0
0,5,5,0,1,1221163,1,1
0,10,6,1,1,870264,1,1
0,10,6,1,0,556519,1,1
1,5,2,0,1,798824,1,1
0,9,0,1,1,615992,0,0
1,17,4,1,1,1279209,1,1
0,13,0,1,0,1027382,1,1
0,5,5,1,1,1402967,0,0
1,13,3,0,0,1480393,1,1
0,16,1,0,1,1101850,1,1
1,6,6,1,1,614130,1,1
1,10,2,1,1,407339,1,1
1,13,0,1,0,619686,1,1
1,6,3,1,1,861289,1,1
1,15,6,1,0,961103,1,1
0,8,6,1,0,505752,1,1
0,5,6,1,1,1315764,0,0
0,9,5,1,0,802288,0,0
0,7,5,0,1,466467,1,1
1,6,6,0,0,1042164,1,1
0,10,3,1,0,1160400,0,0
1,12,1,0,1,1138692,1,1
1,4,0,0,1,648069,1,1
0,16,4,0,0,1040356,0,1
1,10,5,0,1,996483,0,1
1,15,5,1,1,928446,0,0
0,10,5,1,1,1181296,0,0
1,14,1,0,1,633547,0,1
0,8,1,0,1,883897,1,1
1,13,5,0,1,553491,0,1
1,5,1,1,0,1110663,0,0
1,7,5,1,1,700008,0,0
0,6,4,1,0,1291712,0,0
1,5,1,0,1,1402436,0,1
0,6,6,0,1,495729,0,1
1,7,1,0,0,525553,1,1
1,10,3,0,1,432983,0,1
1,11,2,1,0,680567,1,1
0,15,2,1,1,703044,1,1
1,16,1,1,0,459501,0,1
1,14,5,0,1,860155,1,1
1,8,2,0,1,581484,0,1
0,11,3,1,0,868270,0,0
0,6,3,0,0,1135915,0,1
0,10,6,1,1,587993,0,0
1,14,3,1,0,960317,0,0
0,12,1,0,1,1130522,1,1
1,7,0,0,1,905275,1,1
0,8,6,0,1,532607,0,1
0,16,6,1,1,902987,1,1
1,8,1,1,1,1254039,1,1
1,8,1,0,1,892461,0,1
1,5,6,1,1,1092764,0,0
1,15,4,1,1,346089,0,1
0,8,4,0,1,1482274,0,1
1,9,6,1,1,440464,0,1
0,17,5,0,1,592220,1,1
1,11,3,0,1,820728,1,1
1,7,4,0,0,1268275,0,1
0,12,0,1,0,323184,0,1
0,15,3,1,0,1198548,1,1
0,17,6,0,0,908775,1,1
1,13,0,1,0,1369647,1,1
0,11,3,0,1,336022,1,1
1,4,6,0,1,1211272,0,1
0,8,5,1,1,926361,0,0
1,5,6,1,1,958319,0,0
1,13,4,0,0,1182528,0,1
0,15,4,0,1,300787,1,1
1,12,6,0,1,447828,1,1
0,17,2,0,0,989907,0,1
0,17,1,1,0,1157281,0,0
0,7,3,1,0,691423,0,0
1,16,1,0,1,1204158,1,1
0,10,6,0,0,734960,0,1
1,9,1,1,1,1121638,0,0
0,10,4,1,1,307484,0,1
0,17,0,1,1,707431,0,0
0,6,6,0,1,673812,0,1
1,8,3,1,1,460736,0,1
0,12,3,1,1,622967,0,0
0,10,4,1,1,860167,0,0
0,4,4,1,1,996731,1,1
0,17,5,1,0,539647,1,1
0,16,6,0,1,651961,0,1
1,9,2,0,0,914023,1,1
0,6,6,1,0,581552,0,0
1,10,4,1,0,1489017,0,0
0,14,2,0,1,805792,1,1
0,16,0,0,0,784759,0,1
0,6,5,0,1,801352,0,1
0,16,6,0,0,1117203,1,1
1,6,5,0,0,1344039,0,1
1,8,6,1,1,1385819,0,0
1,17,1,1,0,360698,0,1
1,16,1,1,0,343638,0,1
1,14,3,1,0,1448697,0,0
1,7,0,1,1,848093,0,0
0,11,3,0,1,489771,1,1
0,6,6,1,0,631913,1,1
1,16,3,1,1,1243615,1,1
0,6,1,0,1,437979,1,1
1,8,0,0,0,437266,0,1
0,5,3,0,0,1231126,1,1
1,10,6,0,1,670703,1,1
1,4,0,1,0,1292938,1,1
1,17,2,1,0,1172580,0,0
0,9,5,0,0,774475,1,1
1,13,6,1,0,982070,0,0
0,16,3,0,0,1086229,1,1
1,8,0,1,0,440709,0,1
1,9,1,0,0,1222742,0,1
1,8,0,1,0,935368,0,0
1,11,3,1,0,1109534,1,1
1,14,2,1,1,840982,1,1
1,14,1,1,1,1483618,0,0
1,17,1,0,1,1066880,0,1
1,14,2,1,1,1050433,1,1
0,14,0,0,0,987834,1,1
0,10,0,1,0,1194304,1,1
1,4,0,1,0,663541,0,0
1,7,2,1,1,362547,0,1
1,17,2,0,1,554684,0,1
0,9,5,1,0,1454047,0,0
1,10,5,0,0,1091977,1,1
0,6,2,0,0,978880,1,1
1,9,1,1,1,457838,1,1
1,9,2,0,0,1285647,1,1
1,5,1,0,1,830886,1,1
0,15,3,0,0,909073,1,1
1,15,0,0,1,941754,1,1
1,9,5,1,0,407453,1,1
0,7,0,0,1,666804,0,1
0,5,2,1,0,619574,0,0
0,13,0,0,1,683815,0,1
0,8,0,1,1,718372,0,0
0,14,3,0,1,339277,1,1
1,8,0,0,0,1469148,1,1
0,4,3,1,1,1223323,0,0
1,15,4,1,0,1059581,1,1
1,12,0,0,0,1063946,1,1
0,8,3,0,0,1185103,0,1
0,11,2,1,0,441011,1,1
0,9,6,0,0,1052383,0,1
1,15,4,0,0,942454,0,1
1,9,0,0,0,1363625,1,1
0,14,1,1,1,626067,0,0
1,17,0,1,0,931746,0,0
0,14,4,0,0,699204,1,1
1,17,2,0,1,702281,0,1
1,7,2,0,1,333497,1,1
1,4,0,1,1,743440,0,0
1,4,3,0,0,564771,1,1
0,12,1,0,1,881953,1,1
0,7,2,1,1,793673,1,1
1,10,0,0,1,320320,1,1
1,8,3,0,1,1495263,0,1
0,5,1,0,1,1372692,0,1
0,15,1,0,1,336288,0,1
0,11,6,0,1,1335914,1,1
1,14,2,0,0,1362248,1,1
0,8,3,1,1,973370,0,0
0,4,2,1,0,1132986,0,0
1,16,0,0,1,999122,1,1
1,17,4,0,0,1225493,0,1
1,7,3,0,1,877090,1,1
1,13,5,1,0,348623,1,1
0,4,2,0,1,1019116,0,1
1,7,2,0,1,1111579,1,1
0,4,1,1,1,517265,1,1
1,7,3,0,1,1444442,0,1
0,6,6,1,0,1234280,0,0
1,16,4,1,0,1043780,0,0
1,12,6,0,1,926438,0,1
1,8,4,0,1,1418822,0,1
1,13,0,0,1,1162410,1,1
0,17,0,1,1,1264262,0,0
1,8,6,0,0,472049,1,1
1,4,0,1,0,368469,1,1
1,6,3,0,0,859076,0,1
1,6,6,1,0,1229679,1,1
0,12,0,0,0,601001,1,1
0,10,3,0,0,362860,1,1
1,17,0,0,1,470473,1,1
0,16,4,0,0,530609,0,1
0,9,1,0,1,1418882,1,1
0,10,3,1,1,985812,1,1
0,13,6,1,1,814227,0,0
1,17,6,0,1,1208217,1,1
0,4,6,1,1,639251,0,0
0,17,0,1,0,586443,0,0
0,7,2,1,1,1049413,1,1
1,6,0,0,0,602694,0,1
0,6,0,1,1,842076,0,0
1,7,6,1,1,951116,1,1
0,16,6,0,1,1052080,1,1
0,12,2,1,1,1310261,1,1
0,6,3,1,1,1471971,0,0
0,12,3,0,1,760146,1,1
0,15,4,0,1,758884,1,1
1,13,5,1,0,1004118,1,1
1,7,5,0,1,392407,1,1
0,16,1,0,0,837897,1,1
0,5,2,0,0,1196879,1,1
0,8,6,0,0,916349,1,1
1,5,5,1,1,474792,1,1
1,7,6,0,1,746059,1,1
1,13,0,0,1,426959,1,1
0,7,1,0,0,1097679,0,1
0,8,0,1,0,914555,1,1
0,17,2,0,1,1186786,0,1
0,6,6,1,0,713523,1,1
1,9,6,0,0,1085468,1,1
1,12,4,0,1,832701,0,1
1,4,5,1,1,725281,0,0
1,9,2,1,1,688978,1,1
1,11,1,1,0,675411,0,0
1,10,3,0,1,1152474,0,1
0,13,2,1,0,1280434,0,0
0,10,2,1,1,1361792,1,1
0,6,0,0,1,1411884,0,1
1,11,1,1,1,680054,1,1
0,7,3,1,0,622027,1,1
1,15,3,0,1,1300750,0,1
1,9,5,0,0,701966,1,1
1,9,0,1,1,1168933,0,0
0,13,6,1,1,626118,0,0
0,12,3,0,1,1401626,0,1
0,17,2,1,1,695612,0,0
0,9,2,0,1,409822,0,1
1,4,5,1,0,1213657,0,0
1,4,2,0,0,1186354,0,1
1,10,5,1,1,855009,1,1
0,4,0,1,1,906276,0,0
1,9,4,0,0,1001411,0,1
1,14,2,1,0,886009,0,0
0,13,6,0,0,1364350,1,1
0,6,3,1,1,584267,0,0
1,7,6,1,0,521343,0,0
0,6,1,0,1,788780,0,1
0,7,5,1,1,522637,1,1
1,9,2,1,1,1026278,1,1
0,17,3,0,0,1310096,1,1
0,4,2,1,0,569917,0,0
1,16,1,0,0,391149,1,1
1,8,1,1,0,812679,1,1
0,13,2,1,0,981504,0,0
1,5,0,1,0,1325175,1,1
0,5,6,0,0,621282,1,1
0,12,4,1,0,421251,0,1
1,16,0,1,0,350875,1,1
1,6,0,0,0,911566,0,1
1,12,0,1,0,452558,1,1
0,13,3,0,0,779648,1,1
1,13,3,0,0,974961,1,1
0,11,6,0,0,1031486,1,1
1,9,6,0,1,447217,0,1
0,4,0,1,1,827557,0,0
1,8,4,1,0,650965,0,0
1,6,3,0,0,909548,1,1
0,11,5,0,0,883095,0,1
1,6,5,1,0,922123,1,1
1,7,3,1,1,1235821,0,0
0,9,5,0,0,1378986,1,1
1,9,1,0,0,1191163,1,1
0,16,1,0,0,327482,0,1
1,11,4,1,0,972521,1,1
0,6,1,0,1,1380375,1,1
0,14,1,1,0,1030550,1,1
0,17,6,1,0,607938,1,1
1,11,4,1,0,724189,1,1
1,12,4,0,0,490051,0,1
0,9,1,1,0,557907,1,1
1,13,3,0,1,1305688,0,1
1,4,1,0,0,989097,0,1
1,13,3,0,0,1036743,1,1
0,5,4,1,0,456649,0,1
1,17,4,0,1,420582,0,1
1,7,5,1,0,628158,1,1
1,9,5,0,1,676299,1,1
0,7,1,0,1,1465252,1,1
1,16,6,1,0,456835,0,1
0,10,3,0,0,1355000,0,1
0,7,5,1,1,739779,0,0
0,9,0,1,0,416852,0,1
1,17,4,1,1,761065,1,1
0,16,2,1,1,1475579,1,1
1,11,2,0,0,688983,1,1
0,10,5,0,1,1245882,1,1
0,14,2,1,0,1032371,0,0
0,9,5,0,1,1300789,1,1
0,13,2,1,1,781759,1,1
1,4,1,1,0,1340911,0,0
0,13,1,0,0,1396443,0,1
0,14,3,0,1,1486736,0,1
1,10,6,1,0,598157,1,1
0,8,3,1,0,924713,0,0
0,17,5,1,1,657510,0,0
0,7,0,0,0,1340679,0,1
0,12,1,0,1,1118053,1,1
1,9,2,1,0,984987,0,0
0,6,6,1,0,1351108,0,0
0,16,2,1,1,944299,0,0
0,8,0,0,1,1282861,1,1
1,5,6,1,1,994475,1,1
0,10,3,0,1,400859,0,1
1,12,2,0,1,315863,0,1
0,14,2,1,0,321450,1,1
1,12,3,0,1,606312,0,1
0,5,3,0,0,1419164,0,1
1,4,2,1,1,842709,1,1
1,16,0,0,1,1297384,1,1
1,12,4,0,1,1198102,0,1
0,17,1,1,0,1218961,1,1
1,11,5,1,0,1336501,1,1
1,17,2,0,1,1392455,0,1
1,11,5,0,1,459552,0,1
1,6,0,0,1,1136604,1,1
0,10,5,0,1,438841,1,1
0,6,3,0,0,1062884,0,1
0,5,2,1,1,1214473,0,0
0,15,5,1,0,1326262,1,1
1,13,1,0,1,637291,1,1
0,12,1,1,0,490593,0,1
1,8,6,1,1,745413,0,0
1,7,3,0,1,1201548,0,1
1,4,5,0,1,1278361,1,1
0,17,2,1,1,330907,0,1
0,11,3,0,1,1179804,0,1
0,17,4,0,1,1440711,1,1
0,8,6,1,1,617158,0,0
1,17,2,0,0,1051705,0,1
1,16,4,0,0,1091341,0,1
0,4,4,1,1,1384303,0,0
1,13,2,1,1,874506,1,1
0,6,4,1,1,1106241,1,1
0,8,0,1,1,1395493,0,0
1,10,0,1,1,780732,1,1
1,14,2,0,0,738871,0,1
0,17,1,0,1,894688,1,1
0,4,6,1,0,1454800,0,0
1,13,2,1,0,927249,0,0
0,15,6,0,1,1453293,0,1
0,12,1,0,0,1002504,0,1
1,11,4,1,0,1405861,0,0
0,10,6,1,0,1178902,0,0
0,6,4,0,0,723868,0,1
0,9,1,0,0,1151316,1,1
0,15,2,0,1,872998,0,1
1,14,6,1,0,852086,0,0
1,15,4,0,1,1011217,1,1
1,12,4,0,0,963621,1,1
1,10,1,1,0,1480583,0,0
0,15,2,0,1,1100244,0,1
0,7,4,0,0,872049,0,1
1,12,2,1,1,1422765,0,0
0,14,4,1,0,1273903,0,0
0,8,6,0,0,747353,1,1
0,13,3,0,0,1277227,1,1
0,7,0,0,0,539761,1,1
0,4,6,1,1,431955,0,1
1,17,0,0,0,339933,1,1
0,11,3,1,1,552904,1,1
0,7,5,1,1,337546,0,1
0,15,0,1,0,713140,1,1
1,6,1,0,1,1160902,0,1
0,7,5,1,0,780887,0,0
1,6,0,0,0,1002259,0,1
1,6,3,1,1,332047,1,1
0,10,1,0,1,363278,0,1
0,10,0,1,0,1127220,0,0
0,8,3,1,0,1169190,0,0
1,13,5,0,1,545784,1,1
1,7,1,1,1,1124761,1,1
0,11,5,0,1,1163041,0,1
0,9,1,0,1,549008,0,1
1,12,1,0,1,535578,0,1
1,7,2,0,1,1479713,0,1
1,7,1,1,1,1121963,1,1
0,16,5,1,0,1098368,1,1
0,15,6,1,0,1435759,1,1
0,5,2,1,0,482407,0,1
0,11,3,0,0,390610,0,1
0,14,2,0,0,619265,1,1
1,4,4,0,1,1399001,0,1
1,17,3,1,1,386165,0,1
1,6,2,1,1,558954,0,0
0,10,4,1,1,1209259,0,0
0,14,5,1,1,1044642,0,0
0,15,1,0,0,346852,0,1
0,8,5,1,0,1322530,1,1
1,16,0,1,0,1228103,1,1
1,12,4,1,0,803990,0,0
1,9,5,1,0,1174212,0,0
0,8,0,1,1,569101,0,0
1,10,4,0,0,423144,1,1
1,6,4,1,0,464526,0,1
0,17,0,0,0,418839,1,1
0,4,6,0,1,780627,1,1
1,15,4,0,1,1192534,0,1
0,11,1,1,1,937542,0,0
0,9,4,1,1,689632,0,0
0,11,3,1,1,965245,1,1
1,7,1,1,0,444262,1,1
0,12,4,1,0,967146,1,1
1,5,2,1,0,451429,1,1
1,8,5,0,1,1066107,0,1
1,14,2,0,0,325570,1,1
1,15,3,0,0,1003696,1,1
1,6,4,0,1,1070624,1,1
0,5,2,0,1,899861,1,1
1,9,4,0,0,752520,0,1
1,4,2,1,0,799352,1,1
0,5,1,0,1,412935,1,1
0,12,1,1,0,434116,1,1
1,12,2,0,1,851131,0,1
1,9,1,1,0,1379547,0,0
0,5,6,1,0,899223,0,0
1,12,1,1,0,984761,0,0
0,9,3,1,0,1497188,1,1
1,11,3,0,0,972084,1,1
1,10,5,1,1,456721,1,1
1,9,5,0,1,323144,0,1
0,13,4,1,0,1324650,1,1
0,16,5,1,1,857198,1,1
0,8,3,1,0,1381283,1,1
0,10,1,0,0,847277,1,1
1,11,5,0,0,1481965,0,1
0,14,6,1,0,843793,1,1
0,8,4,1,1,1291767,1,1
0,7,3,0,0,859087,0,1
1,14,5,1,0,678912,1,1
1,13,0,0,1,319615,1,1
0,10,4,0,0,520357,1,1
0,4,6,0,0,1349917,0,1
0,4,2,1,1,1093775,1,1
0,13,0,0,1,1026244,1,1
1,11,2,0,0,922325,0,1
0,13,6,1,0,1038701,0,0
0,7,2,1,1,861815,1,1
1,13,0,1,0,865066,0,0
0,4,1,0,1,584942,0,1
0,11,0,0,1,1355849,0,1
1,7,3,0,1,814399,0,1
0,12,4,1,0,716220,0,0
1,6,6,1,0,1497919,0,0
0,7,2,0,1,1195856,0,1
0,14,6,0,1,964326,0,1
0,17,0,1,0,1296672,0,0
0,15,0,1,0,1181657,0,0
1,17,1,1,0,1117413,0,0
0,10,2,1,1,519486,1,1
1,13,6,1,0,830122,0,0
1,5,6,1,1,411924,0,1
0,4,3,0,1,633232,0,1
1,4,6,0,1,403754,0,1
0,16,5,1,1,1409749,0,0
1,10,2,0,0,1041951,0,1
1,7,2,1,0,363140,1,1
0,7,3,0,1,931185,1,1
1,13,2,1,1,602802,1,1
1,17,2,0,1,433975,0,1
0,15,0,0,1,1472708,0,1
1,13,1,1,0,774268,0,0
1,4,3,1,1,566797,1,1
1,6,2,0,1,471346,1,1
0,4,1,0,0,1101321,1,1
0,4,0,0,1,794855,0,1
1,16,4,0,1,364860,0,1
0,12,5,1,0,1483334,0,0
1,9,2,0,0,1063055,0,1
0,16,1,0,1,339164,0,1
0,12,6,0,0,633367,1,1
1,14,5,1,0,729072,0,0
0,12,6,1,1,1095364,1,1
1,10,1,1,0,1302662,0,0
0,14,6,0,0,1289483,1,1
1,14,1,1,1,362153,1,1
1,14,2,0,1,914401,1,1
0,11,4,1,1,534898,0,0
1,11,3,0,1,548655,1,1
0,13,0,1,0,1101891,0,0
0,15,3,1,1,503006,1,1
